-- MySQL dump 10.13  Distrib 8.0.21, for Linux (x86_64)
--
-- Host: localhost    Database: daifu
-- ------------------------------------------------------
-- Server version	8.0.21

/*!40101 SET @OLD_CHARACTER_SET_CLIENT=@@CHARACTER_SET_CLIENT */;
/*!40101 SET @OLD_CHARACTER_SET_RESULTS=@@CHARACTER_SET_RESULTS */;
/*!40101 SET @OLD_COLLATION_CONNECTION=@@COLLATION_CONNECTION */;
/*!50503 SET NAMES utf8mb4 */;
/*!40103 SET @OLD_TIME_ZONE=@@TIME_ZONE */;
/*!40103 SET TIME_ZONE='+00:00' */;
/*!40014 SET @OLD_UNIQUE_CHECKS=@@UNIQUE_CHECKS, UNIQUE_CHECKS=0 */;
/*!40014 SET @OLD_FOREIGN_KEY_CHECKS=@@FOREIGN_KEY_CHECKS, FOREIGN_KEY_CHECKS=0 */;
/*!40101 SET @OLD_SQL_MODE=@@SQL_MODE, SQL_MODE='NO_AUTO_VALUE_ON_ZERO' */;
/*!40111 SET @OLD_SQL_NOTES=@@SQL_NOTES, SQL_NOTES=0 */;

--
-- Table structure for table `admin_menu`
--

DROP TABLE IF EXISTS `admin_menu`;
/*!40101 SET @saved_cs_client     = @@character_set_client */;
/*!50503 SET character_set_client = utf8mb4 */;
CREATE TABLE `admin_menu` (
  `id` bigint NOT NULL AUTO_INCREMENT COMMENT '编号',
  `status` bigint DEFAULT NULL COMMENT '状态',
  `type` bigint DEFAULT NULL COMMENT '类型',
  `order_id` bigint DEFAULT NULL COMMENT '排序id',
  `target` bigint DEFAULT NULL COMMENT '打开方式',
  `parent_id` bigint DEFAULT NULL COMMENT '上级ID',
  `is_navi` bigint DEFAULT NULL COMMENT '导航',
  `show` bigint DEFAULT NULL COMMENT '显示',
  `path` varchar(255) DEFAULT NULL COMMENT '请求路径',
  `name` varchar(128) DEFAULT NULL COMMENT '菜单名称',
  `icon` varchar(255) DEFAULT NULL COMMENT '菜单图标',
  `desc` varchar(255) DEFAULT NULL COMMENT '描述',
  `args` varchar(255) DEFAULT NULL COMMENT '参数',
  `updated_at` datetime DEFAULT NULL COMMENT '更新时间',
  `created_at` datetime DEFAULT NULL COMMENT '创建时间',
  PRIMARY KEY (`id`)
) ENGINE=InnoDB AUTO_INCREMENT=126 DEFAULT CHARSET=utf8mb4 COLLATE=utf8mb4_0900_ai_ci;
/*!40101 SET character_set_client = @saved_cs_client */;

--
-- Dumping data for table `admin_menu`
--

LOCK TABLES `admin_menu` WRITE;
/*!40000 ALTER TABLE `admin_menu` DISABLE KEYS */;
INSERT INTO `admin_menu` VALUES (1,1,0,1,2,0,1,2,'/index','首页','shouye','desc','','2021-03-25 09:07:45','2021-03-25 08:58:37'),(2,1,0,2,1,0,1,1,'/member','会员','CPhezuo','desc','','2021-03-25 09:04:14','2021-03-25 08:58:58'),(4,1,0,4,1,0,1,2,'/order','订单','yemianliu','desc','','2021-03-25 09:10:17','2021-03-25 09:01:09'),(5,1,0,5,1,0,1,1,'/finance','财务','jinbi','','','2021-03-25 09:02:35','2021-03-25 09:02:35'),(6,1,0,6,1,0,1,1,'/sf','收付','fuwuguanli','','','2021-03-25 09:02:59','2021-03-25 09:02:59'),(7,1,0,7,1,0,1,1,'/setting','设置','kongzhizhongxin','','','2021-03-25 09:03:26','2021-03-25 09:03:26'),(8,1,0,1,1,2,1,1,'/member/index','会员首页','qunzu','desc','','2021-03-25 09:13:16','2021-03-25 09:13:05'),(10,1,0,1,1,7,1,1,'/setting/index','设置首页','shouye_o','','','2021-03-25 20:49:15','2021-03-25 20:49:15'),(11,1,0,2,1,7,1,1,'/setting/auth','权限管理','RectangleCopy173','','','2021-03-25 21:38:47','2021-03-25 20:50:10'),(12,1,0,1,1,1,0,1,'、','公共权限','','','','2021-03-25 20:53:34','2021-03-25 20:53:34'),(13,1,0,1,1,12,0,1,'/dev/user/menu','用户菜单获取','','','','2021-03-25 20:54:26','2021-03-25 20:54:26'),(14,1,0,1,1,11,1,1,'/setting/auth/group','角色管理','qunzu_o','平台角色管理','','2021-03-25 20:59:47','2021-03-25 20:59:47'),(15,1,0,2,1,11,1,1,'/setting/auth/menu','菜单配置','RectangleCopy51','系统菜单配置','','2021-03-25 21:01:25','2021-03-25 21:01:25'),(16,1,0,3,1,11,1,1,'/setting/auth/rule','权限配置','RectangleCopy176','分配访问权限','','2021-03-25 21:46:03','2021-03-25 21:02:05'),(17,1,0,1,1,15,0,1,'/dev/menu/fetch','菜单读取','','','','2021-03-25 21:04:10','2021-03-25 21:04:10'),(18,1,0,2,1,15,0,1,'/dev/menu/delete','删除菜单','','','','2021-03-25 21:04:33','2021-03-25 21:04:33'),(19,1,0,3,1,15,0,1,'/dev/menu/post','菜单修改','','','','2021-03-25 21:05:02','2021-03-25 21:05:02'),(20,1,0,4,1,15,0,1,'/dev/menu/order','顺序设置','','','','2021-03-25 21:05:36','2021-03-25 21:05:36'),(21,1,0,50,1,14,0,1,'/dev/role/fetch','角色读取','','','','2021-03-25 21:28:26','2021-03-25 21:28:26'),(22,1,0,50,1,14,0,1,'/dev/role/post','角色修改','','','','2021-03-25 21:28:44','2021-03-25 21:28:44'),(23,1,0,50,1,14,0,1,'/dev/role/menu','角色菜单','','','','2021-03-25 21:33:04','2021-03-25 21:33:04'),(24,1,0,50,1,12,0,1,'/dev/analysis/summary','数据汇总','','','','2021-03-26 09:20:21','2021-03-26 09:20:21'),(25,1,0,50,1,15,0,1,'/dev/role/grant','菜订授权','','','','2021-03-26 09:22:43','2021-03-26 09:22:43'),(26,1,0,50,1,12,0,1,'/dev/user/stat','用户金额信息','','','','2021-03-26 09:51:02','2021-03-26 09:51:02'),(27,1,0,2,1,2,1,1,'/member/user','账号管理','CPhezuo_o','商户账号信息维护','','2021-03-26 09:59:50','2021-03-26 09:58:03'),(28,1,0,1,1,27,1,1,'/member/biz','商户账号','jingliren','商户账号维护','','2021-03-27 09:02:10','2021-03-26 10:00:43'),(29,1,0,3,1,27,1,1,'/member/client','卡商账号','guanliyuanrenzheng','卡商账号管理','','2021-03-26 10:15:13','2021-03-26 10:03:58'),(31,1,0,50,1,29,0,1,'/dev/user/post','账号创建','','','','2021-03-26 10:45:56','2021-03-26 10:45:56'),(32,1,0,50,1,29,0,1,'/dev/user/fetch','账号读取','','','','2021-03-26 10:46:50','2021-03-26 10:46:50'),(33,1,0,50,1,29,0,1,'/dev/user/delete','账号删除','','','','2021-03-26 11:32:20','2021-03-26 11:32:20'),(34,1,0,50,1,29,0,1,'/dev/user/status','状修设置','','','','2021-03-26 12:51:54','2021-03-26 12:51:54'),(35,1,0,50,1,29,0,1,'/dev/user/member','商户修改','','','','2021-03-27 19:18:51','2021-03-27 19:18:51'),(36,1,0,1,1,6,1,1,'/sf/index','收付首页','fuwuguanli','','','2021-03-27 20:44:26','2021-03-27 20:44:26'),(37,1,0,2,1,6,1,1,'/sf/','收付管理','fuwuguanli','','','2021-03-27 20:47:19','2021-03-27 20:44:58'),(38,1,0,3,1,6,1,1,'/sf','通道理管','renwuzhongxin','','','2021-03-27 20:47:35','2021-03-27 20:45:52'),(39,1,0,1,1,38,1,1,'/sf/bank','银行列表','dunpaibaoxianrenzheng','全局银行列表维护','','2021-03-27 20:51:55','2021-03-27 20:46:30'),(40,1,0,1,1,37,1,1,'/sf/mybank','卡片管理','fuwuguanli','用于充值/提现','','2021-03-28 09:56:40','2021-03-27 20:48:07'),(41,1,0,2,1,38,1,1,'/sf/channel','通道管理','jiazai_shuaxin','通道管理/状态控制','','2021-03-27 20:51:23','2021-03-27 20:49:06'),(42,1,0,3,1,37,1,1,'/sf/device','设备管理','zhuti_tiaosepan','App自动转账设备管理','','2021-03-28 09:55:13','2021-03-27 20:49:35'),(43,1,0,50,1,39,0,1,'/dev/bank/post','银行管理','','','','2021-03-27 21:18:42','2021-03-27 21:18:42'),(44,1,0,50,1,39,0,1,'/dev/bank/delete','银行删除','','','','2021-03-27 21:19:57','2021-03-27 21:19:05'),(45,1,0,50,1,39,0,1,'/dev/bank/fetch','银行读取','','','','2021-03-27 21:19:45','2021-03-27 21:19:45'),(46,1,0,50,1,39,0,1,'/dev/bank/status','修改状态','','','','2021-03-27 21:20:25','2021-03-27 21:20:25'),(47,1,0,50,1,41,0,1,'/dev/channel/post','数据维护','','','','2021-03-27 21:48:30','2021-03-27 21:48:30'),(48,1,0,50,1,41,0,1,'/dev/channel/fetch','数据读取','','','','2021-03-27 21:48:53','2021-03-27 21:48:53'),(49,1,0,50,1,41,0,1,'/dev/channel/delete','数据删除','','','','2021-03-27 21:49:05','2021-03-27 21:49:05'),(50,1,0,50,1,41,0,1,'/dev/channel/status','状态修改','','','','2021-03-27 21:49:19','2021-03-27 21:49:19'),(51,1,0,1,1,4,0,1,'/order/index','订单首页','shouye_o','','','2021-03-27 22:45:39','2021-03-27 22:45:28'),(53,1,0,2,1,4,1,1,'/order/admin','订单管理','yemianliu_o','收付订单列表','','2021-03-27 22:47:30','2021-03-27 22:47:30'),(54,1,0,1,1,53,1,1,'/order/list','代付订单','yemianliu_o','代付订单列表','','2021-03-27 22:48:50','2021-03-27 22:48:50'),(55,1,0,2,1,53,1,1,'/order/bank','代收订单','gerenxinxi','代收订单列表','','2021-03-27 22:50:05','2021-03-27 22:50:05'),(56,1,0,50,1,40,0,1,'/dev/card/post','数据维护','','','','2021-03-28 08:29:03','2021-03-28 08:29:03'),(57,1,0,50,1,40,0,1,'/dev/card/fetch','数据读取','','','','2021-03-28 08:29:28','2021-03-28 08:29:28'),(58,1,0,50,1,40,0,1,'/dev/card/delete','数据删除','','','','2021-03-28 08:29:37','2021-03-28 08:29:37'),(59,1,0,50,1,40,0,1,'/dev/card/status','状态修改','','','','2021-03-28 08:29:51','2021-03-28 08:29:51'),(60,1,0,2,1,37,1,1,'/sf/serve','收付业务','fuwuxunhuanguanli','用于代付/代收业务','','2021-03-28 09:55:23','2021-03-28 09:55:02'),(61,1,0,50,1,42,0,1,'/dev/device/post','数据维护','','','','2021-03-28 19:56:58','2021-03-28 19:56:58'),(62,1,0,50,1,42,0,1,'/dev/device/fetch','数据读取','','','','2021-03-28 19:57:23','2021-03-28 19:57:23'),(63,1,0,50,1,42,0,1,'/dev/device/delete','数据删除','','','','2021-03-28 19:57:33','2021-03-28 19:57:33'),(64,1,0,50,1,42,0,1,'/dev/device/status','状态修改','','','','2021-03-28 19:57:46','2021-03-28 19:57:46'),(65,1,0,3,1,7,1,1,'/setting','系统维护','shu','','','2021-03-29 08:18:21','2021-03-29 08:18:21'),(66,1,0,1,1,65,1,1,'/setting/version','版本管理','yingyongAPP_o','APP版本维护','','2021-03-29 08:19:39','2021-03-29 08:18:53'),(67,1,0,50,1,65,1,1,'/setting/action','操作日志','baocun','操作日志记录','','2021-03-29 08:19:28','2021-03-29 08:19:28'),(68,1,0,1,1,5,1,1,'/finance/index','财务首页','shouye_o','','','2021-03-29 09:08:29','2021-03-29 09:08:29'),(69,1,0,2,1,5,1,1,'/finance/navi','快捷向导','ding_o','','','2021-03-29 09:09:01','2021-03-29 09:09:01'),(70,1,0,1,1,69,1,1,'/finance/recharge','充值申请','jiekuan_o','充值申请/结果查询','','2021-03-29 09:10:50','2021-03-29 09:10:29'),(71,1,0,2,1,69,1,1,'/finance/withdrawal','提现申请','cunkuan_o','提现审批/拒绝/查询','','2021-03-29 09:18:32','2021-03-29 09:11:34'),(72,1,0,3,1,69,1,1,'/finance/transaction','账户流水','huobiliu_o','交易流水查询','','2021-03-29 09:12:41','2021-03-29 09:12:41'),(73,1,0,50,1,29,0,1,'/dev/chain/post','商户通道','','','','2021-03-30 14:54:23','2021-03-30 14:54:23'),(74,1,0,50,1,70,0,1,'/dev/recharge/post','数据维护','','','','2021-03-31 09:24:46','2021-03-31 09:24:46'),(75,1,0,50,1,70,0,1,'/dev/recharge/fetch','数据读取','','','','2021-03-31 09:25:18','2021-03-31 09:25:18'),(76,1,0,50,1,70,0,1,'/dev/recharge/delete','数据删除','','','','2021-04-01 09:40:00','2021-03-31 09:25:34'),(77,1,0,50,1,70,0,1,'/dev/recharge/status','状态修改','','','','2021-03-31 09:25:48','2021-03-31 09:25:48'),(78,1,0,50,1,71,0,1,'/dev/withdrawal/post','数据维护','','','','2021-04-01 09:38:09','2021-04-01 09:38:09'),(79,1,0,50,1,71,0,1,'/dev/withdrawal/fetch','数据读取','','','','2021-04-01 09:38:30','2021-04-01 09:38:30'),(80,1,0,50,1,71,0,1,'/dev/withdrawal/delete','数据删除','','','','2021-04-01 09:40:30','2021-04-01 09:38:38'),(81,1,0,50,1,71,0,1,'/dev/withdrawal/status','状态修改','','','','2021-04-01 09:39:00','2021-04-01 09:39:00'),(82,1,0,50,1,72,0,1,'/dev/balance/fetch','数据读取','','','','2021-04-01 10:39:02','2021-04-01 10:39:02'),(83,1,0,50,1,12,0,1,'/dev/user/goauth','谷歌绑定','','','','2021-04-01 12:24:32','2021-04-01 12:24:32'),(84,1,0,50,1,12,0,1,'/dev/user/modifypwd','修改密码','','','','2021-04-01 13:21:43','2021-04-01 13:20:53'),(85,1,0,50,1,12,0,1,'/dev/user/reset','用户重置','','','','2021-04-01 13:34:58','2021-04-01 13:34:58'),(86,1,0,50,1,60,0,1,'/dev/card/bind','卡片绑定','','','','2021-04-01 21:03:56','2021-04-01 21:03:56'),(87,1,0,50,1,53,0,1,'/dev/order/','公有权限','','','','2021-04-02 09:30:17','2021-04-02 09:29:57'),(88,1,0,50,1,87,0,1,'/dev/order/fetch','读取','','','','2021-04-02 09:30:36','2021-04-02 09:30:36'),(89,1,0,50,1,88,0,1,'/dev/order/post','下单','','','','2021-04-02 10:07:31','2021-04-02 10:07:31'),(90,1,0,50,1,87,0,1,'/dev/order/finish','确认收款','','','','2021-04-03 09:29:27','2021-04-03 09:29:27'),(91,1,0,50,1,87,0,1,'/dev/order/fail','付款失败','','','','2021-04-03 12:25:01','2021-04-03 12:25:01'),(92,1,0,50,1,40,0,1,'/dev/bank/fetch','银行列表','','','','2021-04-04 15:12:01','2021-04-04 15:11:06'),(93,1,0,50,1,27,1,1,'/member/admin','管理员账号','gerentouxiang','管理员账号维护','','2021-04-06 10:33:48','2021-04-06 10:31:39'),(94,1,0,50,1,53,0,1,'/dev/order/fresh','私有权限','','','','2021-04-07 11:18:23','2021-04-07 11:17:24'),(95,1,0,50,1,29,0,1,'/dev/agent/limit','费率限制','','','','2021-04-09 12:54:14','2021-04-09 12:54:14'),(96,1,0,50,1,29,0,1,'/dev/agent/post','费率设置','','','','2021-04-09 14:30:11','2021-04-09 14:30:11'),(97,1,0,50,1,55,0,1,'/dev/order/pay','手动下单','','','','2021-04-10 09:18:40','2021-04-10 09:18:40'),(98,1,0,50,1,28,0,1,'/dev/user/post','商户创建','','','','2021-04-10 14:58:18','2021-04-10 14:58:18'),(99,1,0,50,1,28,0,1,'/dev/user/fetch','商户读取','','','','2021-04-10 14:58:50','2021-04-10 14:58:50'),(100,1,0,50,1,28,0,1,'/dev/channel/fetch','通道读取','','','','2021-04-10 15:01:02','2021-04-10 15:01:02'),(101,1,0,50,1,28,0,1,'/dev/user/member','会员维护','','','','2021-04-10 16:50:53','2021-04-10 16:50:53'),(102,1,0,50,1,28,0,1,'/dev/agent/fetch','代理费率读取','','','','2021-04-10 17:09:03','2021-04-10 17:09:03'),(103,1,0,50,1,28,0,1,'/dev/chain/post','费率设置','','','','2021-04-10 17:59:43','2021-04-10 17:59:43'),(104,1,0,50,1,12,0,1,'/dev/order/read','消息读取','','','','2021-04-12 17:05:38','2021-04-12 17:05:38'),(105,1,0,3,1,53,1,1,'/order/alipay','支付宝','jingliren','支付宝收款','','2021-04-15 19:07:01','2021-04-15 18:18:32'),(106,1,0,3,1,37,1,1,'/sf/qrcode','支付宝','jingliren','支付宝管理','','2021-04-15 18:55:45','2021-04-15 18:44:40'),(107,1,0,50,1,106,0,1,'/dev/alipay/post','数据维护','','','','2021-04-15 19:51:39','2021-04-15 19:09:19'),(108,1,0,50,1,106,0,1,'/dev/alipay/fetch','数据读取','','','','2021-04-15 19:51:46','2021-04-15 19:09:39'),(109,1,0,50,1,106,0,1,'/dev/alipay/delete','数据删除','','','','2021-04-15 19:51:51','2021-04-15 19:09:56'),(110,1,0,50,1,106,0,1,'/dev/alipay/status','状态修改','','','','2021-04-15 19:51:56','2021-04-15 19:10:08'),(111,1,0,50,1,105,0,1,'/dev/order/alipay','手动下单','','','','2021-04-15 21:17:22','2021-04-15 21:17:22'),(112,1,0,50,1,12,0,1,'/dev/order/out','数据导出','','','','2021-04-17 12:19:23','2021-04-17 12:19:23'),(113,1,0,50,1,12,0,1,'/dev/balance/out','流水导出','','','','2021-04-17 15:30:29','2021-04-17 15:30:29'),(114,1,0,50,1,66,0,1,'/dev/version/post','数据维护','','','','2021-04-25 10:59:47','2021-04-25 10:59:47'),(115,1,0,50,1,66,0,1,'/dev/version/fetch','数据读取','','','','2021-04-25 11:00:09','2021-04-25 11:00:09'),(116,1,0,50,1,60,0,1,'/dev/user/fetch','商户读取','','','','2021-04-25 15:44:40','2021-04-25 15:44:40'),(117,1,0,3,1,27,1,1,'/member/agent','代理账号','jingliren','代理账号列表','','2021-04-25 16:36:11','2021-04-25 16:31:33'),(118,1,0,4,1,69,1,1,'/finance/stat','数据统计','chizi','卡商收入、成功率统计','','2021-04-28 09:25:26','2021-04-28 09:22:52'),(119,1,0,50,1,118,0,1,'/dev/analysis/stat','查询','','','','2021-04-28 09:34:37','2021-04-28 09:34:37'),(120,1,0,50,1,29,0,1,'/dev/channel/fetch','通道读取','','','','2021-05-08 10:03:10','2021-05-08 10:03:10'),(121,1,0,50,1,67,0,1,'/dev/system/fetch','读取数据','','','','2021-05-22 17:17:53','2021-05-22 17:16:50'),(122,1,0,50,1,67,0,1,'/dev/system/delete','删数数据','','','','2021-05-22 17:17:39','2021-05-22 17:17:39'),(123,1,0,50,1,94,0,1,'/dev/order/dist','指定卡商','','','','2021-05-30 19:35:27','2021-05-30 19:35:27'),(124,1,0,5,1,69,1,1,'/finance/card','卡片统计','jinbi','卡片收支统计','','2021-05-31 09:08:23','2021-05-31 09:06:42'),(125,1,0,50,1,124,0,1,'/dev/card/stat','卡片数据统计','','','','2021-05-31 09:28:16','2021-05-31 09:28:16');
/*!40000 ALTER TABLE `admin_menu` ENABLE KEYS */;
UNLOCK TABLES;

--
-- Table structure for table `admin_role`
--

DROP TABLE IF EXISTS `admin_role`;
/*!40101 SET @saved_cs_client     = @@character_set_client */;
/*!50503 SET character_set_client = utf8mb4 */;
CREATE TABLE `admin_role` (
  `id` bigint NOT NULL AUTO_INCREMENT COMMENT 'id',
  `name` varchar(64) DEFAULT NULL COMMENT '名称',
  `icon` varchar(255) DEFAULT NULL COMMENT '图标',
  `desc` varchar(255) DEFAULT NULL COMMENT '描述',
  `status` bigint DEFAULT NULL COMMENT '状态',
  `updated_at` datetime DEFAULT NULL COMMENT '更新时间',
  `created_at` datetime DEFAULT NULL COMMENT '创建时间',
  PRIMARY KEY (`id`)
) ENGINE=InnoDB AUTO_INCREMENT=5 DEFAULT CHARSET=utf8mb4 COLLATE=utf8mb4_0900_ai_ci;
/*!40101 SET character_set_client = @saved_cs_client */;

--
-- Dumping data for table `admin_role`
--

LOCK TABLES `admin_role` WRITE;
/*!40000 ALTER TABLE `admin_role` DISABLE KEYS */;
INSERT INTO `admin_role` VALUES (1,'管理员',NULL,'拥有系统最高权限',1,'2021-03-25 08:54:41','2021-03-25 08:54:41'),(2,'代理',NULL,'可创建商户、卡商获取佣金',1,'2021-03-25 08:55:26','2021-03-25 08:55:26'),(3,'商户',NULL,'拥用手动、API下单权限',1,'2021-03-25 08:56:00','2021-03-25 08:56:00'),(4,'卡商',NULL,'收付卡号供应商',1,'2021-03-25 08:57:06','2021-03-25 08:56:41');
/*!40000 ALTER TABLE `admin_role` ENABLE KEYS */;
UNLOCK TABLES;

--
-- Table structure for table `admin_role_menu`
--

DROP TABLE IF EXISTS `admin_role_menu`;
/*!40101 SET @saved_cs_client     = @@character_set_client */;
/*!50503 SET character_set_client = utf8mb4 */;
CREATE TABLE `admin_role_menu` (
  `id` bigint NOT NULL AUTO_INCREMENT COMMENT '编号',
  `menu_id` bigint DEFAULT NULL COMMENT '菜单编号-&gt;std_menu.id',
  `role_id` bigint DEFAULT NULL COMMENT '角色编号-&gt;std_role.id',
  `updated_at` datetime DEFAULT NULL COMMENT '更新时间',
  `created_at` datetime DEFAULT NULL COMMENT '创建时间',
  PRIMARY KEY (`id`)
) ENGINE=InnoDB AUTO_INCREMENT=6044 DEFAULT CHARSET=utf8mb4 COLLATE=utf8mb4_0900_ai_ci;
/*!40101 SET character_set_client = @saved_cs_client */;

--
-- Dumping data for table `admin_role_menu`
--

LOCK TABLES `admin_role_menu` WRITE;
/*!40000 ALTER TABLE `admin_role_menu` DISABLE KEYS */;
INSERT INTO `admin_role_menu` VALUES (4668,1,3,'2021-04-23 18:33:17','2021-04-23 18:33:17'),(4669,12,3,'2021-04-23 18:33:17','2021-04-23 18:33:17'),(4670,13,3,'2021-04-23 18:33:17','2021-04-23 18:33:17'),(4671,24,3,'2021-04-23 18:33:17','2021-04-23 18:33:17'),(4672,26,3,'2021-04-23 18:33:17','2021-04-23 18:33:17'),(4673,83,3,'2021-04-23 18:33:17','2021-04-23 18:33:17'),(4674,84,3,'2021-04-23 18:33:17','2021-04-23 18:33:17'),(4675,85,3,'2021-04-23 18:33:17','2021-04-23 18:33:17'),(4676,104,3,'2021-04-23 18:33:17','2021-04-23 18:33:17'),(4677,112,3,'2021-04-23 18:33:17','2021-04-23 18:33:17'),(4678,113,3,'2021-04-23 18:33:17','2021-04-23 18:33:17'),(4679,4,3,'2021-04-23 18:33:17','2021-04-23 18:33:17'),(4680,51,3,'2021-04-23 18:33:17','2021-04-23 18:33:17'),(4681,53,3,'2021-04-23 18:33:17','2021-04-23 18:33:17'),(4682,54,3,'2021-04-23 18:33:17','2021-04-23 18:33:17'),(4683,55,3,'2021-04-23 18:33:17','2021-04-23 18:33:17'),(4684,97,3,'2021-04-23 18:33:17','2021-04-23 18:33:17'),(4685,105,3,'2021-04-23 18:33:17','2021-04-23 18:33:17'),(4686,111,3,'2021-04-23 18:33:17','2021-04-23 18:33:17'),(4687,87,3,'2021-04-23 18:33:17','2021-04-23 18:33:17'),(4688,88,3,'2021-04-23 18:33:17','2021-04-23 18:33:17'),(4689,89,3,'2021-04-23 18:33:17','2021-04-23 18:33:17'),(4690,90,3,'2021-04-23 18:33:17','2021-04-23 18:33:17'),(4691,91,3,'2021-04-23 18:33:17','2021-04-23 18:33:17'),(4692,94,3,'2021-04-23 18:33:17','2021-04-23 18:33:17'),(4693,5,3,'2021-04-23 18:33:17','2021-04-23 18:33:17'),(4694,68,3,'2021-04-23 18:33:17','2021-04-23 18:33:17'),(4695,69,3,'2021-04-23 18:33:17','2021-04-23 18:33:17'),(4696,70,3,'2021-04-23 18:33:17','2021-04-23 18:33:17'),(4697,74,3,'2021-04-23 18:33:17','2021-04-23 18:33:17'),(4698,75,3,'2021-04-23 18:33:17','2021-04-23 18:33:17'),(4699,76,3,'2021-04-23 18:33:17','2021-04-23 18:33:17'),(4700,77,3,'2021-04-23 18:33:17','2021-04-23 18:33:17'),(4701,71,3,'2021-04-23 18:33:17','2021-04-23 18:33:17'),(4702,78,3,'2021-04-23 18:33:17','2021-04-23 18:33:17'),(4703,79,3,'2021-04-23 18:33:17','2021-04-23 18:33:17'),(4704,80,3,'2021-04-23 18:33:17','2021-04-23 18:33:17'),(4705,81,3,'2021-04-23 18:33:17','2021-04-23 18:33:17'),(4706,72,3,'2021-04-23 18:33:17','2021-04-23 18:33:17'),(4707,82,3,'2021-04-23 18:33:17','2021-04-23 18:33:17'),(4708,36,3,'2021-04-23 18:33:17','2021-04-23 18:33:17'),(4709,40,3,'2021-04-23 18:33:17','2021-04-23 18:33:17'),(4710,56,3,'2021-04-23 18:33:17','2021-04-23 18:33:17'),(4711,57,3,'2021-04-23 18:33:17','2021-04-23 18:33:17'),(4712,58,3,'2021-04-23 18:33:17','2021-04-23 18:33:17'),(4713,59,3,'2021-04-23 18:33:17','2021-04-23 18:33:17'),(4714,92,3,'2021-04-23 18:33:17','2021-04-23 18:33:17'),(4715,6,3,'2021-04-23 18:33:17','2021-04-23 18:33:17'),(4716,37,3,'2021-04-23 18:33:17','2021-04-23 18:33:17'),(5592,1,2,'2021-05-23 09:14:23','2021-05-23 09:14:23'),(5593,12,2,'2021-05-23 09:14:23','2021-05-23 09:14:23'),(5594,13,2,'2021-05-23 09:14:23','2021-05-23 09:14:23'),(5595,24,2,'2021-05-23 09:14:23','2021-05-23 09:14:23'),(5596,26,2,'2021-05-23 09:14:23','2021-05-23 09:14:23'),(5597,83,2,'2021-05-23 09:14:23','2021-05-23 09:14:23'),(5598,84,2,'2021-05-23 09:14:23','2021-05-23 09:14:23'),(5599,85,2,'2021-05-23 09:14:23','2021-05-23 09:14:23'),(5600,104,2,'2021-05-23 09:14:23','2021-05-23 09:14:23'),(5601,112,2,'2021-05-23 09:14:23','2021-05-23 09:14:23'),(5602,113,2,'2021-05-23 09:14:23','2021-05-23 09:14:23'),(5603,68,2,'2021-05-23 09:14:23','2021-05-23 09:14:23'),(5604,71,2,'2021-05-23 09:14:23','2021-05-23 09:14:23'),(5605,78,2,'2021-05-23 09:14:23','2021-05-23 09:14:23'),(5606,79,2,'2021-05-23 09:14:23','2021-05-23 09:14:23'),(5607,80,2,'2021-05-23 09:14:23','2021-05-23 09:14:23'),(5608,81,2,'2021-05-23 09:14:23','2021-05-23 09:14:23'),(5609,72,2,'2021-05-23 09:14:23','2021-05-23 09:14:23'),(5610,82,2,'2021-05-23 09:14:23','2021-05-23 09:14:23'),(5611,36,2,'2021-05-23 09:14:23','2021-05-23 09:14:23'),(5612,40,2,'2021-05-23 09:14:23','2021-05-23 09:14:23'),(5613,56,2,'2021-05-23 09:14:23','2021-05-23 09:14:23'),(5614,57,2,'2021-05-23 09:14:23','2021-05-23 09:14:23'),(5615,58,2,'2021-05-23 09:14:23','2021-05-23 09:14:23'),(5616,59,2,'2021-05-23 09:14:23','2021-05-23 09:14:23'),(5617,92,2,'2021-05-23 09:14:23','2021-05-23 09:14:23'),(5618,5,2,'2021-05-23 09:14:23','2021-05-23 09:14:23'),(5619,69,2,'2021-05-23 09:14:23','2021-05-23 09:14:23'),(5620,6,2,'2021-05-23 09:14:23','2021-05-23 09:14:23'),(5621,37,2,'2021-05-23 09:14:23','2021-05-23 09:14:23'),(5622,1,4,'2021-05-28 11:16:59','2021-05-28 11:16:59'),(5623,12,4,'2021-05-28 11:16:59','2021-05-28 11:16:59'),(5624,13,4,'2021-05-28 11:16:59','2021-05-28 11:16:59'),(5625,24,4,'2021-05-28 11:16:59','2021-05-28 11:16:59'),(5626,26,4,'2021-05-28 11:16:59','2021-05-28 11:16:59'),(5627,83,4,'2021-05-28 11:16:59','2021-05-28 11:16:59'),(5628,84,4,'2021-05-28 11:16:59','2021-05-28 11:16:59'),(5629,85,4,'2021-05-28 11:16:59','2021-05-28 11:16:59'),(5630,104,4,'2021-05-28 11:16:59','2021-05-28 11:16:59'),(5631,112,4,'2021-05-28 11:16:59','2021-05-28 11:16:59'),(5632,113,4,'2021-05-28 11:16:59','2021-05-28 11:16:59'),(5633,4,4,'2021-05-28 11:16:59','2021-05-28 11:16:59'),(5634,51,4,'2021-05-28 11:16:59','2021-05-28 11:16:59'),(5635,53,4,'2021-05-28 11:16:59','2021-05-28 11:16:59'),(5636,54,4,'2021-05-28 11:16:59','2021-05-28 11:16:59'),(5637,55,4,'2021-05-28 11:16:59','2021-05-28 11:16:59'),(5638,97,4,'2021-05-28 11:16:59','2021-05-28 11:16:59'),(5639,105,4,'2021-05-28 11:16:59','2021-05-28 11:16:59'),(5640,111,4,'2021-05-28 11:16:59','2021-05-28 11:16:59'),(5641,87,4,'2021-05-28 11:16:59','2021-05-28 11:16:59'),(5642,88,4,'2021-05-28 11:16:59','2021-05-28 11:16:59'),(5643,89,4,'2021-05-28 11:16:59','2021-05-28 11:16:59'),(5644,90,4,'2021-05-28 11:16:59','2021-05-28 11:16:59'),(5645,91,4,'2021-05-28 11:16:59','2021-05-28 11:16:59'),(5646,94,4,'2021-05-28 11:16:59','2021-05-28 11:16:59'),(5647,68,4,'2021-05-28 11:16:59','2021-05-28 11:16:59'),(5648,70,4,'2021-05-28 11:16:59','2021-05-28 11:16:59'),(5649,74,4,'2021-05-28 11:16:59','2021-05-28 11:16:59'),(5650,75,4,'2021-05-28 11:16:59','2021-05-28 11:16:59'),(5651,76,4,'2021-05-28 11:16:59','2021-05-28 11:16:59'),(5652,77,4,'2021-05-28 11:16:59','2021-05-28 11:16:59'),(5653,71,4,'2021-05-28 11:16:59','2021-05-28 11:16:59'),(5654,78,4,'2021-05-28 11:16:59','2021-05-28 11:16:59'),(5655,79,4,'2021-05-28 11:16:59','2021-05-28 11:16:59'),(5656,80,4,'2021-05-28 11:16:59','2021-05-28 11:16:59'),(5657,81,4,'2021-05-28 11:16:59','2021-05-28 11:16:59'),(5658,72,4,'2021-05-28 11:16:59','2021-05-28 11:16:59'),(5659,82,4,'2021-05-28 11:16:59','2021-05-28 11:16:59'),(5660,36,4,'2021-05-28 11:16:59','2021-05-28 11:16:59'),(5661,37,4,'2021-05-28 11:16:59','2021-05-28 11:16:59'),(5662,40,4,'2021-05-28 11:16:59','2021-05-28 11:16:59'),(5663,56,4,'2021-05-28 11:16:59','2021-05-28 11:16:59'),(5664,57,4,'2021-05-28 11:16:59','2021-05-28 11:16:59'),(5665,58,4,'2021-05-28 11:16:59','2021-05-28 11:16:59'),(5666,59,4,'2021-05-28 11:16:59','2021-05-28 11:16:59'),(5667,92,4,'2021-05-28 11:16:59','2021-05-28 11:16:59'),(5668,60,4,'2021-05-28 11:16:59','2021-05-28 11:16:59'),(5669,86,4,'2021-05-28 11:16:59','2021-05-28 11:16:59'),(5670,116,4,'2021-05-28 11:16:59','2021-05-28 11:16:59'),(5671,42,4,'2021-05-28 11:16:59','2021-05-28 11:16:59'),(5672,61,4,'2021-05-28 11:16:59','2021-05-28 11:16:59'),(5673,62,4,'2021-05-28 11:16:59','2021-05-28 11:16:59'),(5674,63,4,'2021-05-28 11:16:59','2021-05-28 11:16:59'),(5675,64,4,'2021-05-28 11:16:59','2021-05-28 11:16:59'),(5676,106,4,'2021-05-28 11:16:59','2021-05-28 11:16:59'),(5677,107,4,'2021-05-28 11:16:59','2021-05-28 11:16:59'),(5678,108,4,'2021-05-28 11:16:59','2021-05-28 11:16:59'),(5679,109,4,'2021-05-28 11:16:59','2021-05-28 11:16:59'),(5680,110,4,'2021-05-28 11:16:59','2021-05-28 11:16:59'),(5681,5,4,'2021-05-28 11:16:59','2021-05-28 11:16:59'),(5682,69,4,'2021-05-28 11:16:59','2021-05-28 11:16:59'),(5683,6,4,'2021-05-28 11:16:59','2021-05-28 11:16:59'),(5923,1,1,'2021-05-31 09:28:23','2021-05-31 09:28:23'),(5924,12,1,'2021-05-31 09:28:23','2021-05-31 09:28:23'),(5925,13,1,'2021-05-31 09:28:23','2021-05-31 09:28:23'),(5926,24,1,'2021-05-31 09:28:23','2021-05-31 09:28:23'),(5927,26,1,'2021-05-31 09:28:23','2021-05-31 09:28:23'),(5928,83,1,'2021-05-31 09:28:23','2021-05-31 09:28:23'),(5929,84,1,'2021-05-31 09:28:23','2021-05-31 09:28:23'),(5930,85,1,'2021-05-31 09:28:23','2021-05-31 09:28:23'),(5931,104,1,'2021-05-31 09:28:23','2021-05-31 09:28:23'),(5932,112,1,'2021-05-31 09:28:23','2021-05-31 09:28:23'),(5933,113,1,'2021-05-31 09:28:23','2021-05-31 09:28:23'),(5934,2,1,'2021-05-31 09:28:23','2021-05-31 09:28:23'),(5935,8,1,'2021-05-31 09:28:23','2021-05-31 09:28:23'),(5936,27,1,'2021-05-31 09:28:23','2021-05-31 09:28:23'),(5937,28,1,'2021-05-31 09:28:23','2021-05-31 09:28:23'),(5938,98,1,'2021-05-31 09:28:23','2021-05-31 09:28:23'),(5939,99,1,'2021-05-31 09:28:23','2021-05-31 09:28:23'),(5940,100,1,'2021-05-31 09:28:23','2021-05-31 09:28:23'),(5941,101,1,'2021-05-31 09:28:23','2021-05-31 09:28:23'),(5942,102,1,'2021-05-31 09:28:23','2021-05-31 09:28:23'),(5943,103,1,'2021-05-31 09:28:23','2021-05-31 09:28:23'),(5944,29,1,'2021-05-31 09:28:23','2021-05-31 09:28:23'),(5945,31,1,'2021-05-31 09:28:23','2021-05-31 09:28:23'),(5946,32,1,'2021-05-31 09:28:23','2021-05-31 09:28:23'),(5947,33,1,'2021-05-31 09:28:23','2021-05-31 09:28:23'),(5948,34,1,'2021-05-31 09:28:23','2021-05-31 09:28:23'),(5949,35,1,'2021-05-31 09:28:23','2021-05-31 09:28:23'),(5950,73,1,'2021-05-31 09:28:23','2021-05-31 09:28:23'),(5951,95,1,'2021-05-31 09:28:23','2021-05-31 09:28:23'),(5952,96,1,'2021-05-31 09:28:23','2021-05-31 09:28:23'),(5953,120,1,'2021-05-31 09:28:23','2021-05-31 09:28:23'),(5954,117,1,'2021-05-31 09:28:23','2021-05-31 09:28:23'),(5955,93,1,'2021-05-31 09:28:23','2021-05-31 09:28:23'),(5956,4,1,'2021-05-31 09:28:23','2021-05-31 09:28:23'),(5957,51,1,'2021-05-31 09:28:23','2021-05-31 09:28:23'),(5958,53,1,'2021-05-31 09:28:23','2021-05-31 09:28:23'),(5959,54,1,'2021-05-31 09:28:23','2021-05-31 09:28:23'),(5960,55,1,'2021-05-31 09:28:23','2021-05-31 09:28:23'),(5961,97,1,'2021-05-31 09:28:23','2021-05-31 09:28:23'),(5962,105,1,'2021-05-31 09:28:23','2021-05-31 09:28:23'),(5963,111,1,'2021-05-31 09:28:23','2021-05-31 09:28:23'),(5964,87,1,'2021-05-31 09:28:23','2021-05-31 09:28:23'),(5965,88,1,'2021-05-31 09:28:23','2021-05-31 09:28:23'),(5966,89,1,'2021-05-31 09:28:23','2021-05-31 09:28:23'),(5967,90,1,'2021-05-31 09:28:23','2021-05-31 09:28:23'),(5968,91,1,'2021-05-31 09:28:23','2021-05-31 09:28:23'),(5969,94,1,'2021-05-31 09:28:23','2021-05-31 09:28:23'),(5970,123,1,'2021-05-31 09:28:23','2021-05-31 09:28:23'),(5971,5,1,'2021-05-31 09:28:23','2021-05-31 09:28:23'),(5972,68,1,'2021-05-31 09:28:23','2021-05-31 09:28:23'),(5973,69,1,'2021-05-31 09:28:23','2021-05-31 09:28:23'),(5974,70,1,'2021-05-31 09:28:23','2021-05-31 09:28:23'),(5975,74,1,'2021-05-31 09:28:23','2021-05-31 09:28:23'),(5976,75,1,'2021-05-31 09:28:23','2021-05-31 09:28:23'),(5977,76,1,'2021-05-31 09:28:23','2021-05-31 09:28:23'),(5978,77,1,'2021-05-31 09:28:23','2021-05-31 09:28:23'),(5979,71,1,'2021-05-31 09:28:23','2021-05-31 09:28:23'),(5980,78,1,'2021-05-31 09:28:23','2021-05-31 09:28:23'),(5981,79,1,'2021-05-31 09:28:23','2021-05-31 09:28:23'),(5982,80,1,'2021-05-31 09:28:23','2021-05-31 09:28:23'),(5983,81,1,'2021-05-31 09:28:23','2021-05-31 09:28:23'),(5984,72,1,'2021-05-31 09:28:23','2021-05-31 09:28:23'),(5985,82,1,'2021-05-31 09:28:23','2021-05-31 09:28:23'),(5986,118,1,'2021-05-31 09:28:23','2021-05-31 09:28:23'),(5987,119,1,'2021-05-31 09:28:23','2021-05-31 09:28:23'),(5988,124,1,'2021-05-31 09:28:23','2021-05-31 09:28:23'),(5989,125,1,'2021-05-31 09:28:23','2021-05-31 09:28:23'),(5990,6,1,'2021-05-31 09:28:23','2021-05-31 09:28:23'),(5991,36,1,'2021-05-31 09:28:23','2021-05-31 09:28:23'),(5992,37,1,'2021-05-31 09:28:23','2021-05-31 09:28:23'),(5993,40,1,'2021-05-31 09:28:23','2021-05-31 09:28:23'),(5994,56,1,'2021-05-31 09:28:23','2021-05-31 09:28:23'),(5995,57,1,'2021-05-31 09:28:23','2021-05-31 09:28:23'),(5996,58,1,'2021-05-31 09:28:23','2021-05-31 09:28:23'),(5997,59,1,'2021-05-31 09:28:23','2021-05-31 09:28:23'),(5998,92,1,'2021-05-31 09:28:23','2021-05-31 09:28:23'),(5999,60,1,'2021-05-31 09:28:23','2021-05-31 09:28:23'),(6000,86,1,'2021-05-31 09:28:23','2021-05-31 09:28:23'),(6001,116,1,'2021-05-31 09:28:23','2021-05-31 09:28:23'),(6002,42,1,'2021-05-31 09:28:23','2021-05-31 09:28:23'),(6003,61,1,'2021-05-31 09:28:23','2021-05-31 09:28:23'),(6004,62,1,'2021-05-31 09:28:23','2021-05-31 09:28:23'),(6005,63,1,'2021-05-31 09:28:23','2021-05-31 09:28:23'),(6006,64,1,'2021-05-31 09:28:23','2021-05-31 09:28:23'),(6007,106,1,'2021-05-31 09:28:23','2021-05-31 09:28:23'),(6008,107,1,'2021-05-31 09:28:23','2021-05-31 09:28:23'),(6009,108,1,'2021-05-31 09:28:23','2021-05-31 09:28:23'),(6010,109,1,'2021-05-31 09:28:23','2021-05-31 09:28:23'),(6011,110,1,'2021-05-31 09:28:23','2021-05-31 09:28:23'),(6012,38,1,'2021-05-31 09:28:23','2021-05-31 09:28:23'),(6013,39,1,'2021-05-31 09:28:23','2021-05-31 09:28:23'),(6014,43,1,'2021-05-31 09:28:23','2021-05-31 09:28:23'),(6015,44,1,'2021-05-31 09:28:23','2021-05-31 09:28:23'),(6016,45,1,'2021-05-31 09:28:23','2021-05-31 09:28:23'),(6017,46,1,'2021-05-31 09:28:23','2021-05-31 09:28:23'),(6018,41,1,'2021-05-31 09:28:23','2021-05-31 09:28:23'),(6019,47,1,'2021-05-31 09:28:23','2021-05-31 09:28:23'),(6020,48,1,'2021-05-31 09:28:23','2021-05-31 09:28:23'),(6021,49,1,'2021-05-31 09:28:23','2021-05-31 09:28:23'),(6022,50,1,'2021-05-31 09:28:23','2021-05-31 09:28:23'),(6023,7,1,'2021-05-31 09:28:23','2021-05-31 09:28:23'),(6024,10,1,'2021-05-31 09:28:23','2021-05-31 09:28:23'),(6025,11,1,'2021-05-31 09:28:23','2021-05-31 09:28:23'),(6026,14,1,'2021-05-31 09:28:23','2021-05-31 09:28:23'),(6027,21,1,'2021-05-31 09:28:23','2021-05-31 09:28:23'),(6028,22,1,'2021-05-31 09:28:23','2021-05-31 09:28:23'),(6029,23,1,'2021-05-31 09:28:23','2021-05-31 09:28:23'),(6030,15,1,'2021-05-31 09:28:23','2021-05-31 09:28:23'),(6031,17,1,'2021-05-31 09:28:23','2021-05-31 09:28:23'),(6032,18,1,'2021-05-31 09:28:23','2021-05-31 09:28:23'),(6033,19,1,'2021-05-31 09:28:23','2021-05-31 09:28:23'),(6034,20,1,'2021-05-31 09:28:23','2021-05-31 09:28:23'),(6035,25,1,'2021-05-31 09:28:23','2021-05-31 09:28:23'),(6036,16,1,'2021-05-31 09:28:23','2021-05-31 09:28:23'),(6037,65,1,'2021-05-31 09:28:23','2021-05-31 09:28:23'),(6038,66,1,'2021-05-31 09:28:23','2021-05-31 09:28:23'),(6039,114,1,'2021-05-31 09:28:23','2021-05-31 09:28:23'),(6040,115,1,'2021-05-31 09:28:23','2021-05-31 09:28:23'),(6041,67,1,'2021-05-31 09:28:23','2021-05-31 09:28:23'),(6042,121,1,'2021-05-31 09:28:23','2021-05-31 09:28:23'),(6043,122,1,'2021-05-31 09:28:23','2021-05-31 09:28:23');
/*!40000 ALTER TABLE `admin_role_menu` ENABLE KEYS */;
UNLOCK TABLES;

--
-- Table structure for table `std_agent`
--

DROP TABLE IF EXISTS `std_agent`;
/*!40101 SET @saved_cs_client     = @@character_set_client */;
/*!50503 SET character_set_client = utf8mb4 */;
CREATE TABLE `std_agent` (
  `id` bigint NOT NULL AUTO_INCREMENT COMMENT '编号',
  `channel_id` bigint DEFAULT '0' COMMENT '通道编号-&gt;std_channel.id',
  `owner_id` bigint DEFAULT '0' COMMENT '归属id',
  `parent_id` bigint DEFAULT '0' COMMENT '上级id',
  `status` bigint DEFAULT '0' COMMENT '状态',
  `user_id` bigint DEFAULT '0' COMMENT '用户编号-&gt;std_user.id',
  `rate` decimal(10,4) DEFAULT '0.0000',
  `fee` decimal(10,4) DEFAULT '0.0000',
  `updated_at` datetime DEFAULT NULL COMMENT '更新时间',
  `created_at` datetime DEFAULT NULL COMMENT '建创时间',
  PRIMARY KEY (`id`)
) ENGINE=InnoDB AUTO_INCREMENT=36 DEFAULT CHARSET=utf8mb4 COLLATE=utf8mb4_0900_ai_ci;
/*!40101 SET character_set_client = @saved_cs_client */;

--
-- Dumping data for table `std_agent`
--

LOCK TABLES `std_agent` WRITE;
/*!40000 ALTER TABLE `std_agent` DISABLE KEYS */;
INSERT INTO `std_agent` VALUES (10,2,0,0,0,14,0.0020,0.0000,'2021-04-28 08:47:10','2021-04-28 08:47:10'),(17,0,0,0,0,43,0.0000,0.0000,'2021-05-16 17:38:27','2021-05-16 17:38:27'),(19,1,0,0,0,43,0.0200,0.0200,'2021-05-23 11:22:59','2021-05-23 11:22:59'),(20,1,0,0,0,14,0.2000,1.0000,'2021-05-23 22:04:13','2021-05-23 22:04:13'),(34,3,0,0,0,43,0.0050,0.0050,'2021-06-06 18:09:11','2021-06-06 18:09:11'),(35,2,0,0,0,43,0.0050,0.0050,'2021-06-06 18:09:21','2021-06-06 18:09:21');
/*!40000 ALTER TABLE `std_agent` ENABLE KEYS */;
UNLOCK TABLES;

--
-- Table structure for table `std_alipay`
--

DROP TABLE IF EXISTS `std_alipay`;
/*!40101 SET @saved_cs_client     = @@character_set_client */;
/*!50503 SET character_set_client = utf8mb4 */;
CREATE TABLE `std_alipay` (
  `id` bigint NOT NULL AUTO_INCREMENT COMMENT '编号',
  `user_id` bigint DEFAULT '0' COMMENT '用户编号-&gt;std_user.id',
  `status` bigint DEFAULT '0' COMMENT '状态',
  `name` varchar(255) DEFAULT NULL COMMENT '姓名',
  `account` varchar(128) DEFAULT NULL COMMENT '账号',
  `desc` varchar(255) DEFAULT NULL COMMENT '描述',
  `round_id` bigint DEFAULT NULL COMMENT '轮训编号',
  `url` varchar(255) DEFAULT NULL COMMENT '二维码URL',
  `type` bigint DEFAULT '0' COMMENT '类型',
  `updated_at` datetime DEFAULT NULL COMMENT '更新时间',
  `created_at` datetime DEFAULT NULL COMMENT '创建时间',
  `loop` bigint DEFAULT '0' COMMENT '无限',
  `code` varchar(255) DEFAULT NULL COMMENT '编号',
  `max` decimal(10,2) DEFAULT '0.00' COMMENT '最大值',
  `min` decimal(10,2) DEFAULT '0.00' COMMENT '最小值',
  PRIMARY KEY (`id`)
) ENGINE=InnoDB AUTO_INCREMENT=3 DEFAULT CHARSET=utf8mb4 COLLATE=utf8mb4_0900_ai_ci;
/*!40101 SET character_set_client = @saved_cs_client */;

--
-- Dumping data for table `std_alipay`
--

LOCK TABLES `std_alipay` WRITE;
/*!40000 ALTER TABLE `std_alipay` DISABLE KEYS */;
INSERT INTO `std_alipay` VALUES (1,14,1,'李村','test@test.com','23',3,NULL,1,'2021-05-26 10:01:24','2021-04-16 16:07:52',0,'A1',1000.00,1.00),(2,14,1,'李丽','TEST1@TEST.COM','2',3,NULL,1,'2021-05-26 13:16:57','2021-04-16 22:28:28',0,'A2',1000.00,1.00);
/*!40000 ALTER TABLE `std_alipay` ENABLE KEYS */;
UNLOCK TABLES;

--
-- Table structure for table `std_balance`
--

DROP TABLE IF EXISTS `std_balance`;
/*!40101 SET @saved_cs_client     = @@character_set_client */;
/*!50503 SET character_set_client = utf8mb4 */;
CREATE TABLE `std_balance` (
  `id` bigint NOT NULL AUTO_INCREMENT COMMENT '编号',
  `user_id` bigint DEFAULT '0' COMMENT '用户编号-&gt;std_user.id',
  `status` bigint DEFAULT '0' COMMENT '状态',
  `refer_id` bigint DEFAULT '0' COMMENT '引用id',
  `type` bigint DEFAULT '0' COMMENT '类型',
  `before` decimal(18,6) DEFAULT '0.000000' COMMENT '变化前',
  `amount` decimal(18,6) DEFAULT '0.000000' COMMENT '金额',
  `after` decimal(18,6) DEFAULT '0.000000' COMMENT '变化后',
  `updated_at` datetime DEFAULT NULL COMMENT '更新时间',
  `created_at` datetime DEFAULT NULL COMMENT '建创时间',
  `desc` varchar(255) DEFAULT NULL,
  PRIMARY KEY (`id`)
) ENGINE=InnoDB AUTO_INCREMENT=584 DEFAULT CHARSET=utf8mb4 COLLATE=utf8mb4_0900_ai_ci;
/*!40101 SET character_set_client = @saved_cs_client */;

--
-- Dumping data for table `std_balance`
--

LOCK TABLES `std_balance` WRITE;
/*!40000 ALTER TABLE `std_balance` DISABLE KEYS */;
INSERT INTO `std_balance` VALUES (579,20,2,275,3,91827.400000,5000.000000,86827.400000,'2021-06-30 10:24:16','2021-06-09 15:40:21',NULL),(580,20,2,275,3,86827.400000,30.000000,86797.400000,'2021-06-30 10:24:16','2021-06-09 15:40:21',NULL),(581,20,1,275,4,86797.400000,30.000000,86827.400000,'2021-06-30 10:24:16','2021-06-30 10:24:16',NULL),(582,20,1,275,4,86827.400000,5000.000000,91827.400000,'2021-06-30 10:24:16','2021-06-30 10:24:16',NULL),(583,14,1,275,5,1005.000000,1001.000000,2006.000000,'2021-06-30 10:29:31','2021-06-30 10:29:31',NULL);
/*!40000 ALTER TABLE `std_balance` ENABLE KEYS */;
UNLOCK TABLES;

--
-- Table structure for table `std_bank`
--

DROP TABLE IF EXISTS `std_bank`;
/*!40101 SET @saved_cs_client     = @@character_set_client */;
/*!50503 SET character_set_client = utf8mb4 */;
CREATE TABLE `std_bank` (
  `id` bigint NOT NULL AUTO_INCREMENT COMMENT '编号',
  `name` varchar(128) DEFAULT NULL COMMENT '银行名称',
  `code` varchar(128) DEFAULT NULL COMMENT '简码',
  `updated_at` datetime DEFAULT NULL COMMENT '更新时间',
  `created_at` datetime DEFAULT NULL COMMENT '建创时间',
  `version` varchar(128) DEFAULT NULL COMMENT 'App版本号',
  `status` bigint DEFAULT NULL COMMENT '状态',
  PRIMARY KEY (`id`)
) ENGINE=InnoDB AUTO_INCREMENT=7 DEFAULT CHARSET=utf8mb4 COLLATE=utf8mb4_0900_ai_ci;
/*!40101 SET character_set_client = @saved_cs_client */;

--
-- Dumping data for table `std_bank`
--

LOCK TABLES `std_bank` WRITE;
/*!40000 ALTER TABLE `std_bank` DISABLE KEYS */;
INSERT INTO `std_bank` VALUES (1,'建设银行','CCB','2021-04-08 20:56:18','2021-03-27 21:28:34','5.0.3',1),(2,'中国银行','BOC','2021-04-15 20:31:28','2021-03-29 13:56:16','6.11.0',1),(3,'工商银行','ICBC','2021-04-08 20:56:28','2021-04-07 21:47:45','6.1.0.3.0',1),(4,'农业银行','ABC','2021-04-08 20:56:10','2021-04-07 21:48:09','6.0.0',1),(5,'招商银行','CMB','2021-04-07 21:48:27','2021-04-07 21:48:27','1.0.1',1),(6,'中国邮政储蓄银行','PSBC','2021-04-07 21:49:09','2021-04-07 21:49:09','1.0.1',1);
/*!40000 ALTER TABLE `std_bank` ENABLE KEYS */;
UNLOCK TABLES;

--
-- Table structure for table `std_bank_card`
--

DROP TABLE IF EXISTS `std_bank_card`;
/*!40101 SET @saved_cs_client     = @@character_set_client */;
/*!50503 SET character_set_client = utf8mb4 */;
CREATE TABLE `std_bank_card` (
  `id` bigint NOT NULL AUTO_INCREMENT COMMENT '编号',
  `user_id` bigint DEFAULT '0' COMMENT '用户编号-&gt;std_user.id',
  `status` bigint DEFAULT '0' COMMENT '状态',
  `max` bigint DEFAULT '0' COMMENT '最大金额',
  `min` bigint DEFAULT '0' COMMENT '最小金额',
  `round_id` bigint DEFAULT '0' COMMENT '轮训编号',
  `bank_id` bigint DEFAULT '0' COMMENT '银行编号-&gt;std_bank.id',
  `type` bigint DEFAULT '0' COMMENT '卡片类型',
  `name` varchar(64) DEFAULT NULL COMMENT '卡片姓名',
  `code` varchar(128) DEFAULT NULL COMMENT '银行卡号',
  `login_pwd` varchar(64) DEFAULT NULL COMMENT '登录密码',
  `tran_pwd` varchar(64) DEFAULT NULL COMMENT '支付密码',
  `device_id` bigint DEFAULT '0' COMMENT '设备编号-&gt;std_device.id',
  `updated_at` datetime DEFAULT NULL COMMENT '更新时间',
  `created_at` datetime DEFAULT NULL COMMENT '建创时间',
  `balance` decimal(10,2) DEFAULT '0.00' COMMENT '卡片实际余额',
  `total` bigint DEFAULT '0' COMMENT '转账次数',
  `refer_id` bigint DEFAULT '0',
  PRIMARY KEY (`id`)
) ENGINE=InnoDB AUTO_INCREMENT=10 DEFAULT CHARSET=utf8mb4 COLLATE=utf8mb4_0900_ai_ci;
/*!40101 SET character_set_client = @saved_cs_client */;

--
-- Dumping data for table `std_bank_card`
--

LOCK TABLES `std_bank_card` WRITE;
/*!40000 ALTER TABLE `std_bank_card` DISABLE KEYS */;
INSERT INTO `std_bank_card` VALUES (6,14,2,0,0,4,1,1,'1323','6212251605000689122',NULL,NULL,1,'2021-05-21 15:24:48','2021-04-08 13:53:49',0.00,0,0),(8,14,1,10000,1,69,1,4,'张三','6212251605000689122','12','121212',1,'2021-06-09 15:40:21','2021-04-17 19:02:47',1.00,0,20),(9,0,1,0,0,69,1,2,'张江','6212251605000689122','6212251605000689122','6212251605000689122',1,'2021-06-26 11:50:41','2021-06-26 11:50:41',1.00,0,0);
/*!40000 ALTER TABLE `std_bank_card` ENABLE KEYS */;
UNLOCK TABLES;

--
-- Table structure for table `std_chain`
--

DROP TABLE IF EXISTS `std_chain`;
/*!40101 SET @saved_cs_client     = @@character_set_client */;
/*!50503 SET character_set_client = utf8mb4 */;
CREATE TABLE `std_chain` (
  `id` bigint NOT NULL AUTO_INCREMENT COMMENT '编号',
  `user_id` bigint DEFAULT '0' COMMENT '用户编号-&gt;std_user.id',
  `channel_id` bigint DEFAULT '0' COMMENT '通道编号-&gt;std_channel.id',
  `max` bigint DEFAULT '0' COMMENT '最大下单金额',
  `min` bigint DEFAULT '0' COMMENT '最小下单金额',
  `fee` decimal(10,4) DEFAULT '0.0000',
  `rate` decimal(10,4) DEFAULT '0.0000',
  `update_at` datetime DEFAULT NULL COMMENT '更新时间',
  `create_at` datetime DEFAULT NULL COMMENT '创建时间',
  PRIMARY KEY (`id`)
) ENGINE=InnoDB AUTO_INCREMENT=18 DEFAULT CHARSET=utf8mb4 COLLATE=utf8mb4_0900_ai_ci;
/*!40101 SET character_set_client = @saved_cs_client */;

--
-- Dumping data for table `std_chain`
--

LOCK TABLES `std_chain` WRITE;
/*!40000 ALTER TABLE `std_chain` DISABLE KEYS */;
INSERT INTO `std_chain` VALUES (9,20,1,50000,1,0.0000,0.0060,'2021-06-06 18:09:35','2021-06-06 18:09:35'),(10,20,2,50000,1,0.0000,0.0060,'2021-06-06 18:09:35','2021-06-06 18:09:35'),(11,35,1,1,1,1.0000,0.0080,'2021-04-10 17:44:28','2021-04-10 17:44:28'),(12,36,1,1000,1,1.0000,0.0060,'2021-04-12 22:43:39','2021-04-12 22:43:39'),(13,36,2,1000,1,1.0000,0.0060,'2021-04-12 22:43:39','2021-04-12 22:43:39'),(15,38,1,1,1,0.0065,0.0065,'2021-05-08 21:57:00','2021-05-08 21:57:00'),(16,20,3,50000,1,0.0000,0.0070,'2021-06-06 18:09:35','2021-06-06 18:09:35'),(17,46,1,50000,1,0.0000,0.0000,'2021-06-06 16:45:06','2021-06-06 16:45:06');
/*!40000 ALTER TABLE `std_chain` ENABLE KEYS */;
UNLOCK TABLES;

--
-- Table structure for table `std_channel`
--

DROP TABLE IF EXISTS `std_channel`;
/*!40101 SET @saved_cs_client     = @@character_set_client */;
/*!50503 SET character_set_client = utf8mb4 */;
CREATE TABLE `std_channel` (
  `id` bigint NOT NULL AUTO_INCREMENT COMMENT '编号',
  `status` bigint DEFAULT NULL COMMENT '状态',
  `name` varchar(128) DEFAULT NULL COMMENT '名称',
  `updated_at` datetime DEFAULT NULL COMMENT '更新时间',
  `created_at` datetime DEFAULT NULL COMMENT '创建时间',
  PRIMARY KEY (`id`)
) ENGINE=InnoDB AUTO_INCREMENT=4 DEFAULT CHARSET=utf8mb4 COLLATE=utf8mb4_0900_ai_ci;
/*!40101 SET character_set_client = @saved_cs_client */;

--
-- Dumping data for table `std_channel`
--

LOCK TABLES `std_channel` WRITE;
/*!40000 ALTER TABLE `std_channel` DISABLE KEYS */;
INSERT INTO `std_channel` VALUES (1,1,'代付','2021-04-02 10:31:35','2021-03-27 21:59:00'),(2,1,'代收','2021-03-27 22:01:07','2021-03-27 21:59:08'),(3,1,'支付宝','2021-04-15 20:31:43','2021-04-15 20:31:43');
/*!40000 ALTER TABLE `std_channel` ENABLE KEYS */;
UNLOCK TABLES;

--
-- Table structure for table `std_device`
--

DROP TABLE IF EXISTS `std_device`;
/*!40101 SET @saved_cs_client     = @@character_set_client */;
/*!50503 SET character_set_client = utf8mb4 */;
CREATE TABLE `std_device` (
  `id` bigint NOT NULL AUTO_INCREMENT COMMENT '手机设备',
  `user_id` bigint DEFAULT '0' COMMENT '用户编号-&gt;std_user.id',
  `status` bigint DEFAULT '0' COMMENT '状态',
  `updated_at` datetime DEFAULT NULL COMMENT '更新时间',
  `created_at` datetime DEFAULT NULL COMMENT '建创时间',
  `uuid` varchar(128) DEFAULT NULL COMMENT '设备硬件编号',
  `name` varchar(128) DEFAULT NULL COMMENT '设备别名',
  `rate` bigint DEFAULT NULL COMMENT '接单频率',
  `desc` varchar(255) DEFAULT NULL COMMENT '描述',
  PRIMARY KEY (`id`)
) ENGINE=InnoDB AUTO_INCREMENT=2 DEFAULT CHARSET=utf8mb4 COLLATE=utf8mb4_0900_ai_ci;
/*!40101 SET character_set_client = @saved_cs_client */;

--
-- Dumping data for table `std_device`
--

LOCK TABLES `std_device` WRITE;
/*!40000 ALTER TABLE `std_device` DISABLE KEYS */;
INSERT INTO `std_device` VALUES (1,14,1,'2021-06-26 11:50:12','2021-04-14 13:40:53','202103260324982156','默认设备',5,'');
/*!40000 ALTER TABLE `std_device` ENABLE KEYS */;
UNLOCK TABLES;

--
-- Table structure for table `std_member`
--

DROP TABLE IF EXISTS `std_member`;
/*!40101 SET @saved_cs_client     = @@character_set_client */;
/*!50503 SET character_set_client = utf8mb4 */;
CREATE TABLE `std_member` (
  `id` bigint NOT NULL AUTO_INCREMENT COMMENT 'id',
  `name` varchar(128) DEFAULT NULL COMMENT '商户名',
  `status` bigint DEFAULT NULL COMMENT '状态',
  `user_id` bigint DEFAULT NULL COMMENT '用户归属-&gt;std_user.id',
  `secret` varchar(255) DEFAULT NULL COMMENT '商户密钥',
  `whitelist` varchar(255) DEFAULT NULL COMMENT '白名单以豆号隔开',
  `updated_at` datetime DEFAULT NULL COMMENT '更新时间',
  `created_at` datetime DEFAULT NULL COMMENT '创建时间',
  `desc` varchar(255) DEFAULT NULL COMMENT '描述',
  `refer_id` bigint DEFAULT NULL COMMENT '代理编号-&gt;std_user.id',
  PRIMARY KEY (`id`)
) ENGINE=InnoDB AUTO_INCREMENT=18 DEFAULT CHARSET=utf8mb4 COLLATE=utf8mb4_0900_ai_ci;
/*!40101 SET character_set_client = @saved_cs_client */;

--
-- Dumping data for table `std_member`
--

LOCK TABLES `std_member` WRITE;
/*!40000 ALTER TABLE `std_member` DISABLE KEYS */;
INSERT INTO `std_member` VALUES (1,'测试商户',1,20,'8db5ef5a-dce6-425c-b8f2-73bc65e15dc2','192.168.3.6 192.168.1.233','2021-05-31 23:12:25','2021-03-27 09:29:16',NULL,NULL);
/*!40000 ALTER TABLE `std_member` ENABLE KEYS */;
UNLOCK TABLES;

--
-- Table structure for table `std_order`
--

DROP TABLE IF EXISTS `std_order`;
/*!40101 SET @saved_cs_client     = @@character_set_client */;
/*!50503 SET character_set_client = utf8mb4 */;
CREATE TABLE `std_order` (
  `id` bigint NOT NULL AUTO_INCREMENT COMMENT '主键',
  `channel_id` bigint DEFAULT '0' COMMENT '通道ID',
  `type` bigint DEFAULT '0' COMMENT '订单类型',
  `status` bigint DEFAULT '0' COMMENT '订单状态',
  `upload` bigint DEFAULT '0' COMMENT '凭证上传',
  `amount` decimal(10,2) DEFAULT '0.00' COMMENT '订单金额',
  `agency` decimal(10,4) DEFAULT '0.0000',
  `fee` decimal(10,4) DEFAULT '0.0000',
  `agent_id` bigint DEFAULT '0' COMMENT '代理编号->std_agent.id',
  `user_id` bigint DEFAULT '0' COMMENT '订单属于用户',
  `out_trade_no` varchar(64) NOT NULL COMMENT '商户订单ID',
  `notify_url` varchar(255) DEFAULT NULL COMMENT '回调地址',
  `updated_at` datetime DEFAULT NULL COMMENT '更新时间',
  `created_at` datetime DEFAULT NULL COMMENT '创建时间',
  `expire_at` datetime DEFAULT NULL COMMENT '过期时间',
  `pay_time` datetime DEFAULT NULL COMMENT '支时间',
  `pay_name` varchar(64) DEFAULT NULL COMMENT '付款人性名',
  `notify_count` bigint DEFAULT '0' COMMENT '回调通知次数',
  `pay_account` varchar(128) DEFAULT NULL COMMENT '付款账号',
  `refund_at` datetime DEFAULT NULL COMMENT '退款时间',
  `desc` varchar(255) DEFAULT NULL COMMENT '备注',
  `receive_name` varchar(64) DEFAULT NULL COMMENT '收款人姓名',
  `receive_account` varchar(64) DEFAULT NULL COMMENT '收款账号',
  `receive_bank` varchar(64) DEFAULT NULL COMMENT '收款银行',
  `client_id` bigint DEFAULT '0' COMMENT '卡商编号->std_user.id',
  `card_id` bigint DEFAULT '0' COMMENT '银行卡编号->std_bank_card.id',
  `item_id` bigint DEFAULT '0',
  `ksfee` decimal(10,4) DEFAULT '0.0000',
  PRIMARY KEY (`id`),
  UNIQUE KEY `out_trade_no` (`out_trade_no`)
) ENGINE=InnoDB AUTO_INCREMENT=276 DEFAULT CHARSET=utf8mb4 COLLATE=utf8mb4_0900_ai_ci;
/*!40101 SET character_set_client = @saved_cs_client */;

--
-- Dumping data for table `std_order`
--

LOCK TABLES `std_order` WRITE;
/*!40000 ALTER TABLE `std_order` DISABLE KEYS */;
INSERT INTO `std_order` VALUES (275,1,0,5,0,5000.00,0.0000,30.0000,0,20,'T100027421','http://192.168.3.189:8080/pub/account/test','2021-06-30 10:29:32','2021-06-09 15:40:21','2021-07-09 15:40:21','2021-06-30 10:29:31',NULL,0,NULL,NULL,'回调失败','张三','6212251605000689122','招商',14,8,0,1001.0000);
/*!40000 ALTER TABLE `std_order` ENABLE KEYS */;
UNLOCK TABLES;

--
-- Table structure for table `std_recharge`
--

DROP TABLE IF EXISTS `std_recharge`;
/*!40101 SET @saved_cs_client     = @@character_set_client */;
/*!50503 SET character_set_client = utf8mb4 */;
CREATE TABLE `std_recharge` (
  `id` bigint NOT NULL AUTO_INCREMENT COMMENT '编号',
  `user_id` bigint DEFAULT '0' COMMENT '用户编号-&gt;std_user.id',
  `status` bigint DEFAULT '0' COMMENT '状态',
  `upload` varchar(255) DEFAULT NULL COMMENT '凭证地址',
  `bank_id` bigint DEFAULT '0' COMMENT '银行卡编号-&gt;std_bank_card.id',
  `amount` decimal(10,2) DEFAULT '0.00' COMMENT '金额',
  `bill_id` bigint DEFAULT '0' COMMENT '账单编号-&gt;std_biil.id',
  `updated_at` datetime DEFAULT NULL COMMENT '更新时间',
  `created_at` datetime DEFAULT NULL COMMENT '建创时间',
  `auth_id` bigint DEFAULT '0' COMMENT '审核者编号-&gt;std_user.id',
  PRIMARY KEY (`id`)
) ENGINE=InnoDB AUTO_INCREMENT=2 DEFAULT CHARSET=utf8mb4 COLLATE=utf8mb4_0900_ai_ci;
/*!40101 SET character_set_client = @saved_cs_client */;

--
-- Dumping data for table `std_recharge`
--

LOCK TABLES `std_recharge` WRITE;
/*!40000 ALTER TABLE `std_recharge` DISABLE KEYS */;
/*!40000 ALTER TABLE `std_recharge` ENABLE KEYS */;
UNLOCK TABLES;

--
-- Table structure for table `std_spider`
--

DROP TABLE IF EXISTS `std_spider`;
/*!40101 SET @saved_cs_client     = @@character_set_client */;
/*!50503 SET character_set_client = utf8mb4 */;
CREATE TABLE `std_spider` (
  `id` bigint NOT NULL AUTO_INCREMENT COMMENT '编号',
  `type` bigint DEFAULT NULL COMMENT '类型',
  `order_no` varchar(64) DEFAULT NULL COMMENT '订单编号',
  `order_status` varchar(64) DEFAULT NULL COMMENT '订单状态',
  `order_goods` varchar(32) DEFAULT NULL COMMENT '商品名称',
  `order_price` decimal(10,2) DEFAULT NULL COMMENT '商品单价',
  `order_count` bigint DEFAULT NULL COMMENT '商品数量',
  `order_amount` decimal(10,2) DEFAULT NULL COMMENT '订单总价',
  `order_info_area` varchar(32) DEFAULT NULL COMMENT '所在区/服',
  `order_info_accno` varchar(32) DEFAULT NULL COMMENT '账号',
  `order_info_remark` varchar(32) DEFAULT NULL COMMENT '备注',
  `order_reamrk` varchar(32) DEFAULT NULL COMMENT '订单备注',
  `order_create_time` datetime DEFAULT NULL COMMENT '创建时间',
  `order_pay_time` datetime DEFAULT NULL COMMENT '支付时间',
  `order_finish_time` datetime DEFAULT NULL COMMENT '发货时间',
  `updated_at` datetime DEFAULT NULL COMMENT '更新时间',
  `created_at` datetime DEFAULT NULL COMMENT '建创时间',
  PRIMARY KEY (`id`)
) ENGINE=InnoDB DEFAULT CHARSET=utf8mb4 COLLATE=utf8mb4_0900_ai_ci;
/*!40101 SET character_set_client = @saved_cs_client */;

--
-- Dumping data for table `std_spider`
--

LOCK TABLES `std_spider` WRITE;
/*!40000 ALTER TABLE `std_spider` DISABLE KEYS */;
/*!40000 ALTER TABLE `std_spider` ENABLE KEYS */;
UNLOCK TABLES;

--
-- Table structure for table `std_system_log`
--

DROP TABLE IF EXISTS `std_system_log`;
/*!40101 SET @saved_cs_client     = @@character_set_client */;
/*!50503 SET character_set_client = utf8mb4 */;
CREATE TABLE `std_system_log` (
  `id` bigint NOT NULL AUTO_INCREMENT COMMENT '编号',
  `type` bigint DEFAULT NULL COMMENT '类型',
  `user_id` bigint DEFAULT NULL COMMENT '用户编号-&gt;std_user.id',
  `refer_id` varchar(64) DEFAULT NULL COMMENT '引用id',
  `client_ip` varchar(32) DEFAULT NULL COMMENT '操作IP',
  `updated_at` datetime DEFAULT NULL COMMENT '更新时间',
  `created_at` datetime DEFAULT NULL COMMENT '建创时间',
  `title` varchar(255) DEFAULT NULL COMMENT '标题',
  `desc` varchar(255) DEFAULT NULL COMMENT '描述',
  PRIMARY KEY (`id`)
) ENGINE=InnoDB AUTO_INCREMENT=56 DEFAULT CHARSET=utf8mb4 COLLATE=utf8mb4_0900_ai_ci;
/*!40101 SET character_set_client = @saved_cs_client */;

--
-- Dumping data for table `std_system_log`
--

LOCK TABLES `std_system_log` WRITE;
/*!40000 ALTER TABLE `std_system_log` DISABLE KEYS */;
INSERT INTO `std_system_log` VALUES (21,NULL,1,'T100027421','192.168.3.6','2021-05-30 09:59:42','2021-05-30 09:59:42','订单回调','人工操作'),(22,NULL,1,'T100027421','192.168.3.6','2021-05-30 09:59:46','2021-05-30 09:59:46','订单驳回','人工操作'),(23,NULL,1,'T100027421','192.168.3.6','2021-05-30 10:01:00','2021-05-30 10:01:00','订单回调','人工操作'),(24,NULL,1,'T100027421','192.168.3.6','2021-05-30 10:01:52','2021-05-30 10:01:52','订单回调','人工操作'),(25,NULL,1,'T100027421','192.168.3.6','2021-05-30 19:35:51','2021-05-30 19:35:51','卡商分配','人工操作'),(26,NULL,1,'T100027421','192.168.3.6','2021-05-30 19:36:06','2021-05-30 19:36:06','卡商分配','人工操作'),(27,NULL,1,'T100027421','192.168.3.6','2021-05-30 19:39:16','2021-05-30 19:39:16','卡商分配','人工操作'),(28,NULL,1,'T100027421','192.168.3.6','2021-05-30 19:40:20','2021-05-30 19:40:20','卡商分配','人工操作'),(29,NULL,1,'T100027421','192.168.3.6','2021-05-30 19:41:15','2021-05-30 19:41:15','卡商分配','人工操作'),(30,NULL,1,'T100027421','192.168.3.6','2021-05-30 19:41:23','2021-05-30 19:41:23','订单回调','人工操作'),(31,NULL,1,'T100027421','192.168.3.6','2021-05-30 19:42:55','2021-05-30 19:42:55','卡商分配','人工操作'),(32,NULL,1,'T100027421','192.168.3.6','2021-05-30 19:43:15','2021-05-30 19:43:15','订单回调','人工操作'),(33,NULL,1,'T100027421','192.168.3.6','2021-05-30 19:43:53','2021-05-30 19:43:53','订单驳回','人工操作'),(34,NULL,1,'T100027421','192.168.3.6','2021-05-30 19:44:40','2021-05-30 19:44:40','卡商分配','人工操作'),(35,NULL,1,'T100027421','192.168.3.6','2021-05-30 22:26:32','2021-05-30 22:26:32','卡商分配','人工操作'),(36,NULL,1,'T100027421','192.168.1.233','2021-05-31 23:17:06','2021-05-31 23:17:06','卡商分配','人工操作'),(37,NULL,1,'T100027421','192.168.1.233','2021-05-31 23:17:11','2021-05-31 23:17:11','订单驳回','人工操作'),(38,NULL,1,'T100027421','192.168.1.233','2021-05-31 23:19:17','2021-05-31 23:19:17','订单回调','人工操作'),(39,NULL,1,'T100027421','192.168.1.233','2021-05-31 23:21:44','2021-05-31 23:21:44','卡商分配','人工操作'),(40,NULL,1,'T100027421','192.168.1.233','2021-05-31 23:21:48','2021-05-31 23:21:48','订单驳回','人工操作'),(41,NULL,1,'T100027421','192.168.3.6','2021-06-06 18:11:02','2021-06-06 18:11:02','订单回调','人工操作'),(42,NULL,1,'T100027421','192.168.3.6','2021-06-06 18:11:47','2021-06-06 18:11:47','订单驳回','人工操作'),(43,NULL,1,'T100027421','192.168.3.6','2021-06-06 18:12:57','2021-06-06 18:12:57','卡商分配','人工操作'),(44,NULL,1,'T100027421','192.168.3.6','2021-06-06 18:13:17','2021-06-06 18:13:17','订单回调','人工操作'),(45,NULL,1,'T100027421','192.168.3.6','2021-06-06 18:13:45','2021-06-06 18:13:45','订单驳回','人工操作'),(46,NULL,1,'T100027421','192.168.3.6','2021-06-06 18:17:18','2021-06-06 18:17:18','订单回调','人工操作'),(47,NULL,1,'T100027421','192.168.3.6','2021-06-06 18:17:48','2021-06-06 18:17:48','订单驳回','人工操作'),(48,NULL,1,'T100027421','192.168.3.6','2021-06-06 19:23:08','2021-06-06 19:23:08','订单回调','人工操作'),(49,NULL,1,'a1eee53a79cc8fa4fe5eebc6aa028402','192.168.3.6','2021-06-07 18:33:32','2021-06-07 18:33:32','订单回调','人工操作'),(50,NULL,1,'a1eee53a79cc8fa4fe5eebc6aa028402','192.168.3.6','2021-06-07 18:33:38','2021-06-07 18:33:38','订单驳回','人工操作'),(51,NULL,1,'75ceb54944280c98e1c0eeb8a29d3c01','192.168.3.6','2021-06-07 18:45:08','2021-06-07 18:45:08','订单回调','人工操作'),(52,NULL,1,'75ceb54944280c98e1c0eeb8a29d3c01','192.168.3.6','2021-06-07 18:45:33','2021-06-07 18:45:33','订单驳回','人工操作'),(53,NULL,1,'8e02f369d746d03233679f5e56c67205','192.168.3.6','2021-06-07 18:47:44','2021-06-07 18:47:44','订单回调','人工操作'),(54,NULL,28,'T100027421','192.168.3.6','2021-06-30 10:24:16','2021-06-30 10:24:16','订单驳回','人工操作'),(55,NULL,28,'T100027421','192.168.3.6','2021-06-30 10:29:32','2021-06-30 10:29:32','订单回调','人工操作');
/*!40000 ALTER TABLE `std_system_log` ENABLE KEYS */;
UNLOCK TABLES;

--
-- Table structure for table `std_user`
--

DROP TABLE IF EXISTS `std_user`;
/*!40101 SET @saved_cs_client     = @@character_set_client */;
/*!50503 SET character_set_client = utf8mb4 */;
CREATE TABLE `std_user` (
  `id` bigint NOT NULL AUTO_INCREMENT COMMENT '用户ID',
  `role_id` bigint DEFAULT NULL COMMENT '角色ID',
  `sex` bigint DEFAULT NULL COMMENT '性别',
  `prov` bigint DEFAULT NULL COMMENT '省市',
  `city` bigint DEFAULT NULL COMMENT '城市',
  `dist` bigint DEFAULT NULL COMMENT '区县',
  `status` bigint DEFAULT NULL COMMENT '状态',
  `refer_id` bigint DEFAULT NULL COMMENT '引用ID',
  `point` bigint DEFAULT NULL COMMENT '积分',
  `level` bigint DEFAULT NULL COMMENT '级别',
  `exp` bigint DEFAULT NULL COMMENT '经验值',
  `username` varchar(128) DEFAULT NULL COMMENT '账号',
  `password` varchar(128) DEFAULT NULL COMMENT '密码',
  `secret` varchar(255) DEFAULT NULL COMMENT '谷歌密钥',
  `unionid` varchar(128) DEFAULT NULL COMMENT '微信unionid',
  `openid` varchar(128) DEFAULT NULL COMMENT '微信openid',
  `avatar` varchar(255) DEFAULT NULL COMMENT '头像',
  `mobile` varchar(128) DEFAULT NULL COMMENT '电话',
  `email` varchar(128) DEFAULT NULL COMMENT '邮箱',
  `desc` varchar(255) DEFAULT NULL COMMENT '描述',
  `attach` varchar(512) DEFAULT NULL COMMENT '附件',
  `invite_code` varchar(6) DEFAULT NULL COMMENT '邀请码',
  `login_ip` varchar(32) DEFAULT NULL COMMENT '登录IP',
  `login_at` datetime DEFAULT NULL COMMENT '登录时间',
  `updated_at` datetime DEFAULT NULL COMMENT '更新时间',
  `created_at` datetime DEFAULT NULL COMMENT '创建时间',
  `birthady` datetime DEFAULT NULL COMMENT '用户日生',
  `health` bigint DEFAULT NULL COMMENT '生命值',
  `nickname` varchar(128) DEFAULT NULL COMMENT '昵称',
  `member_id` bigint DEFAULT NULL COMMENT '商户编号-&gt;std_member.id',
  `token` varchar(255) DEFAULT NULL COMMENT '用户token',
  `parent_id` bigint DEFAULT '0',
  `channel_id` bigint DEFAULT '0',
  `round_id` bigint DEFAULT '0',
  PRIMARY KEY (`id`)
) ENGINE=InnoDB AUTO_INCREMENT=50 DEFAULT CHARSET=utf8mb4 COLLATE=utf8mb4_0900_ai_ci;
/*!40101 SET character_set_client = @saved_cs_client */;

--
-- Dumping data for table `std_user`
--

LOCK TABLES `std_user` WRITE;
/*!40000 ALTER TABLE `std_user` DISABLE KEYS */;
INSERT INTO `std_user` VALUES (1,1,NULL,NULL,NULL,NULL,1,0,NULL,2,NULL,'admin','e10adc3949ba59abbe56e057f20f883e','FPXI5HSB6Q7FIQVKW4XC4R7IF6XS32HV',NULL,NULL,NULL,NULL,NULL,NULL,NULL,NULL,'192.168.3.6','2021-07-05 15:13:38','2021-07-05 15:13:38',NULL,NULL,NULL,NULL,NULL,'4feb4059b284e21a00e8c05ff9d94812',0,0,0),(14,4,NULL,NULL,NULL,NULL,1,20,NULL,2,NULL,'ks-test','e10adc3949ba59abbe56e057f20f883e','TBG3DMD2WRT44HPK5TZH35KSZEJ54MCG',NULL,NULL,NULL,NULL,NULL,NULL,NULL,'429783','192.168.3.6','2021-07-05 15:19:08','2021-07-05 15:19:08','2021-03-26 22:53:14',NULL,NULL,NULL,NULL,'4feb4059b284e21a00e8c05ff9d94812',34,0,134),(20,3,NULL,NULL,NULL,NULL,1,41,NULL,2,NULL,'sh-test','e10adc3949ba59abbe56e057f20f883e','7GTYGKUK4MHEU6LDT55YTFFJTUQO5B4D',NULL,NULL,NULL,NULL,NULL,NULL,NULL,'218997','192.168.3.6','2021-06-07 18:28:52','2021-06-07 18:28:52','2021-03-27 09:29:16',NULL,NULL,NULL,NULL,'4feb4059b284e21a00e8c05ff9d94812',43,0,0),(28,1,NULL,NULL,NULL,NULL,1,0,NULL,2,NULL,'root','e10adc3949ba59abbe56e057f20f883e',NULL,NULL,NULL,NULL,NULL,NULL,NULL,NULL,'844567','192.168.3.6','2021-07-02 14:26:04','2021-07-02 14:26:04','2021-04-09 18:03:47',NULL,NULL,NULL,NULL,'4feb4059b284e21a00e8c05ff9d94812',0,0,0),(43,2,NULL,NULL,NULL,NULL,1,NULL,NULL,2,NULL,'dltest','0eaf2cec3fb9c3b31865b8ed2ca31fd4',NULL,NULL,NULL,NULL,NULL,NULL,NULL,NULL,'329945','192.168.3.6','2021-05-24 10:44:40','2021-05-24 10:44:40','2021-05-16 17:38:27',NULL,NULL,NULL,NULL,'aa608a6a1d296dbb23cfbad04c7cfc43',0,0,0);
/*!40000 ALTER TABLE `std_user` ENABLE KEYS */;
UNLOCK TABLES;

--
-- Table structure for table `std_user_balance`
--

DROP TABLE IF EXISTS `std_user_balance`;
/*!40101 SET @saved_cs_client     = @@character_set_client */;
/*!50503 SET character_set_client = utf8mb4 */;
CREATE TABLE `std_user_balance` (
  `id` bigint NOT NULL AUTO_INCREMENT COMMENT '编号',
  `user_id` bigint DEFAULT '0' COMMENT '用户编号-&gt;std_user.id',
  `balance` decimal(18,6) DEFAULT '0.000000' COMMENT '余额',
  `frozen` decimal(18,6) DEFAULT '0.000000' COMMENT '冻结金额',
  `credit` decimal(18,6) DEFAULT '0.000000' COMMENT '额度',
  `updated_at` datetime DEFAULT NULL COMMENT '更新时间',
  `created_at` datetime DEFAULT NULL COMMENT '创建时间',
  PRIMARY KEY (`id`)
) ENGINE=InnoDB AUTO_INCREMENT=42 DEFAULT CHARSET=utf8mb4 COLLATE=utf8mb4_0900_ai_ci;
/*!40101 SET character_set_client = @saved_cs_client */;

--
-- Dumping data for table `std_user_balance`
--

LOCK TABLES `std_user_balance` WRITE;
/*!40000 ALTER TABLE `std_user_balance` DISABLE KEYS */;
INSERT INTO `std_user_balance` VALUES (1,1,0.000000,200.000000,0.000000,'2021-04-15 22:49:59',NULL),(6,14,2006.000000,200.000000,601.000000,'2021-06-30 10:29:31','2021-03-26 22:53:14'),(12,20,91827.400000,200.000000,200.000000,'2021-06-30 10:24:16','2021-03-27 09:29:16'),(20,28,0.000000,0.000000,0.000000,'2021-04-09 18:03:47','2021-04-09 18:03:47'),(35,43,2.000000,0.000000,0.000000,'2021-06-07 18:47:44','2021-05-16 17:38:27');
/*!40000 ALTER TABLE `std_user_balance` ENABLE KEYS */;
UNLOCK TABLES;

--
-- Table structure for table `std_version`
--

DROP TABLE IF EXISTS `std_version`;
/*!40101 SET @saved_cs_client     = @@character_set_client */;
/*!50503 SET character_set_client = utf8mb4 */;
CREATE TABLE `std_version` (
  `id` bigint NOT NULL AUTO_INCREMENT COMMENT 'id',
  `url` varchar(255) DEFAULT NULL COMMENT '下载地址',
  `title` varchar(255) DEFAULT NULL COMMENT '标题',
  `number` varchar(128) DEFAULT NULL COMMENT '版本号',
  `updated_at` datetime DEFAULT NULL COMMENT '更新时间',
  `created_at` datetime DEFAULT NULL COMMENT '建创时间',
  PRIMARY KEY (`id`)
) ENGINE=InnoDB AUTO_INCREMENT=2 DEFAULT CHARSET=utf8mb4 COLLATE=utf8mb4_0900_ai_ci;
/*!40101 SET character_set_client = @saved_cs_client */;

--
-- Dumping data for table `std_version`
--

LOCK TABLES `std_version` WRITE;
/*!40000 ALTER TABLE `std_version` DISABLE KEYS */;
INSERT INTO `std_version` VALUES (1,NULL,'Apk-1.0.8','1.0.8','2021-05-04 11:04:57',NULL);
/*!40000 ALTER TABLE `std_version` ENABLE KEYS */;
UNLOCK TABLES;

--
-- Table structure for table `std_withdrawal`
--

DROP TABLE IF EXISTS `std_withdrawal`;
/*!40101 SET @saved_cs_client     = @@character_set_client */;
/*!50503 SET character_set_client = utf8mb4 */;
CREATE TABLE `std_withdrawal` (
  `id` bigint NOT NULL AUTO_INCREMENT COMMENT '编号',
  `user_id` bigint DEFAULT '0' COMMENT '用户编号-&gt;std_user.id',
  `status` bigint DEFAULT '0' COMMENT '状态',
  `upload` varchar(255) DEFAULT NULL COMMENT '凭证地址',
  `bank_id` bigint DEFAULT '0' COMMENT '银行卡编号-&gt;std_bank_card.id',
  `amount` decimal(10,2) DEFAULT '0.00' COMMENT '金额',
  `bill_id` bigint DEFAULT '0' COMMENT '账单编号-&gt;std_biil.id',
  `updated_at` datetime DEFAULT NULL COMMENT '更新时间',
  `created_at` datetime DEFAULT NULL COMMENT '建创时间',
  `auth_id` bigint DEFAULT '0' COMMENT '审核者编号-&gt;std_user.id',
  PRIMARY KEY (`id`)
) ENGINE=InnoDB DEFAULT CHARSET=utf8mb4 COLLATE=utf8mb4_0900_ai_ci;
/*!40101 SET character_set_client = @saved_cs_client */;

--
-- Dumping data for table `std_withdrawal`
--

LOCK TABLES `std_withdrawal` WRITE;
/*!40000 ALTER TABLE `std_withdrawal` DISABLE KEYS */;
/*!40000 ALTER TABLE `std_withdrawal` ENABLE KEYS */;
UNLOCK TABLES;
/*!40103 SET TIME_ZONE=@OLD_TIME_ZONE */;

/*!40101 SET SQL_MODE=@OLD_SQL_MODE */;
/*!40014 SET FOREIGN_KEY_CHECKS=@OLD_FOREIGN_KEY_CHECKS */;
/*!40014 SET UNIQUE_CHECKS=@OLD_UNIQUE_CHECKS */;
/*!40101 SET CHARACTER_SET_CLIENT=@OLD_CHARACTER_SET_CLIENT */;
/*!40101 SET CHARACTER_SET_RESULTS=@OLD_CHARACTER_SET_RESULTS */;
/*!40101 SET COLLATION_CONNECTION=@OLD_COLLATION_CONNECTION */;
/*!40111 SET SQL_NOTES=@OLD_SQL_NOTES */;

-- Dump completed on 2021-07-07 22:58:19
